-- New requirement sets, requirements, and arguments
INSERT INTO Requirements (RequirementId, RequirementType, Likeliness, Impact, Reverse, Persistent, ProgressWeight, Triggered) VALUES
('REQUIRES_HAS_BEHIND_SCIENCE_SAM', 'REQUIREMENT_PLOT_PROPERTY_MATCHES', 0, 0, 0, 0, 1, 0),
('REQUIRES_HAS_BEHIND_CULTURE_SAM', 'REQUIREMENT_PLOT_PROPERTY_MATCHES', 0, 0, 0, 0, 1, 0),
('REQUIRES_HAS_VERY_BEHIND_SCIENCE_SAM', 'REQUIREMENT_PLOT_PROPERTY_MATCHES', 0, 0, 0, 0, 1, 0),
('REQUIRES_HAS_VERY_BEHIND_CULTURE_SAM', 'REQUIREMENT_PLOT_PROPERTY_MATCHES', 0, 0, 0, 0, 1, 0);

INSERT INTO RequirementArguments (RequirementId, Name, Value) VALUES
('REQUIRES_HAS_BEHIND_SCIENCE_SAM', 'PropertyName', 'SAM_ENABLE_SCIENCE_BONUS'),
('REQUIRES_HAS_BEHIND_SCIENCE_SAM', 'PropertyMinimum', 1),
('REQUIRES_HAS_BEHIND_CULTURE_SAM', 'PropertyName', 'SAM_ENABLE_CULTURE_BONUS'),
('REQUIRES_HAS_BEHIND_CULTURE_SAM', 'PropertyMinimum', 1),
('REQUIRES_HAS_VERY_BEHIND_SCIENCE_SAM', 'PropertyName', 'SAM_ENABLE_SCIENCE_BONUS'),
('REQUIRES_HAS_VERY_BEHIND_SCIENCE_SAM', 'PropertyMinimum', 2),
('REQUIRES_HAS_VERY_BEHIND_CULTURE_SAM', 'PropertyName', 'SAM_ENABLE_CULTURE_BONUS'),
('REQUIRES_HAS_VERY_BEHIND_CULTURE_SAM', 'PropertyMinimum', 2);

INSERT INTO RequirementSets (RequirementSetId, RequirementSetType) VALUES 
('PLAYER_FALLS_BEHIND_SCIENCE_SAM', 'REQUIREMENTSET_TEST_ALL'),
('PLAYER_FALLS_BEHIND_CULTURE_SAM', 'REQUIREMENTSET_TEST_ALL'),
('PLAYER_FALLS_VERY_BEHIND_SCIENCE_SAM', 'REQUIREMENTSET_TEST_ALL'),
('PLAYER_FALLS_VERY_BEHIND_CULTURE_SAM', 'REQUIREMENTSET_TEST_ALL');

INSERT INTO RequirementSetRequirements (RequirementSetId, RequirementId) VALUES 
('PLAYER_FALLS_BEHIND_SCIENCE_SAM', 'REQUIRES_HAS_BEHIND_SCIENCE_SAM'),
('PLAYER_FALLS_BEHIND_SCIENCE_SAM', 'REQUIRES_MAJOR_CIV_OPPONENT'),
('PLAYER_FALLS_BEHIND_CULTURE_SAM', 'REQUIRES_HAS_BEHIND_CULTURE_SAM'),
('PLAYER_FALLS_BEHIND_CULTURE_SAM', 'REQUIRES_MAJOR_CIV_OPPONENT'),
('PLAYER_FALLS_VERY_BEHIND_SCIENCE_SAM', 'REQUIRES_HAS_VERY_BEHIND_SCIENCE_SAM'),
('PLAYER_FALLS_VERY_BEHIND_SCIENCE_SAM', 'REQUIRES_MAJOR_CIV_OPPONENT'),
('PLAYER_FALLS_VERY_BEHIND_CULTURE_SAM', 'REQUIRES_HAS_VERY_BEHIND_CULTURE_SAM'),
('PLAYER_FALLS_VERY_BEHIND_CULTURE_SAM', 'REQUIRES_MAJOR_CIV_OPPONENT');

-- New modifiers and arguments
INSERT INTO Modifiers (ModifierId, ModifierType, RunOnce, NewOnly, Permanent, Repeatable, SubjectRequirementSetId) VALUES 
('LIBRARY_BONUS_SCIENCE_YIELD_SAM', 'MODIFIER_SINGLE_CITY_ADJUST_YIELD_CHANGE', 0, 0, 0, 0, 'PLAYER_FALLS_BEHIND_SCIENCE_SAM'),
('UNIVERSITY_BONUS_SCIENCE_YIELD_SAM', 'MODIFIER_SINGLE_CITY_ADJUST_YIELD_CHANGE', 0, 0, 0, 0, 'PLAYER_FALLS_BEHIND_SCIENCE_SAM'),
('RESEARCH_LAB_BONUS_SCIENCE_YIELD_SAM', 'MODIFIER_SINGLE_CITY_ADJUST_YIELD_CHANGE', 0, 0, 0, 0, 'PLAYER_FALLS_BEHIND_SCIENCE_SAM'),
('MONUMENT_BONUS_CULTURE_YIELD_SAM', 'MODIFIER_SINGLE_CITY_ADJUST_YIELD_CHANGE', 0, 0, 0, 0, 'PLAYER_FALLS_BEHIND_CULTURE_SAM'),
('AMPHITHEATER_BONUS_CULTURE_YIELD_SAM', 'MODIFIER_SINGLE_CITY_ADJUST_YIELD_CHANGE', 0, 0, 0, 0, 'PLAYER_FALLS_BEHIND_CULTURE_SAM'),
('MUSEUM_BONUS_CULTURE_YIELD_SAM', 'MODIFIER_SINGLE_CITY_ADJUST_YIELD_CHANGE', 0, 0, 0, 0, 'PLAYER_FALLS_BEHIND_CULTURE_SAM'),
('BROADCAST_CENTER_BONUS_CULTURE_YIELD_SAM', 'MODIFIER_SINGLE_CITY_ADJUST_YIELD_CHANGE', 0, 0, 0, 0, 'PLAYER_FALLS_BEHIND_CULTURE_SAM'),
('EXTRA_LIBRARY_BONUS_SCIENCE_YIELD_SAM', 'MODIFIER_SINGLE_CITY_ADJUST_YIELD_CHANGE', 0, 0, 0, 0, 'PLAYER_FALLS_VERY_BEHIND_SCIENCE_SAM'),
('EXTRA_UNIVERSITY_BONUS_SCIENCE_YIELD_SAM', 'MODIFIER_SINGLE_CITY_ADJUST_YIELD_CHANGE', 0, 0, 0, 0, 'PLAYER_FALLS_VERY_BEHIND_SCIENCE_SAM'),
('EXTRA_RESEARCH_LAB_BONUS_SCIENCE_YIELD_SAM', 'MODIFIER_SINGLE_CITY_ADJUST_YIELD_CHANGE', 0, 0, 0, 0, 'PLAYER_FALLS_VERY_BEHIND_SCIENCE_SAM'),
('EXTRA_MONUMENT_BONUS_CULTURE_YIELD_SAM', 'MODIFIER_SINGLE_CITY_ADJUST_YIELD_CHANGE', 0, 0, 0, 0, 'PLAYER_FALLS_VERY_BEHIND_CULTURE_SAM'),
('EXTRA_AMPHITHEATER_BONUS_CULTURE_YIELD_SAM', 'MODIFIER_SINGLE_CITY_ADJUST_YIELD_CHANGE', 0, 0, 0, 0, 'PLAYER_FALLS_VERY_BEHIND_CULTURE_SAM'),
('EXTRA_MUSEUM_BONUS_CULTURE_YIELD_SAM', 'MODIFIER_SINGLE_CITY_ADJUST_YIELD_CHANGE', 0, 0, 0, 0, 'PLAYER_FALLS_VERY_BEHIND_CULTURE_SAM'),
('EXTRA_BROADCAST_CENTER_BONUS_CULTURE_YIELD_SAM', 'MODIFIER_SINGLE_CITY_ADJUST_YIELD_CHANGE', 0, 0, 0, 0, 'PLAYER_FALLS_VERY_BEHIND_CULTURE_SAM');

INSERT INTO ModifierArguments (ModifierId, Name, Value) VALUES 
('LIBRARY_BONUS_SCIENCE_YIELD_SAM', 'YieldType', 'YIELD_SCIENCE'),
('LIBRARY_BONUS_SCIENCE_YIELD_SAM', 'Amount', 1),
('UNIVERSITY_BONUS_SCIENCE_YIELD_SAM', 'YieldType', 'YIELD_SCIENCE'),
('UNIVERSITY_BONUS_SCIENCE_YIELD_SAM', 'Amount', 2),
('RESEARCH_LAB_BONUS_SCIENCE_YIELD_SAM', 'YieldType', 'YIELD_SCIENCE'),
('RESEARCH_LAB_BONUS_SCIENCE_YIELD_SAM', 'Amount', 3),
('MONUMENT_BONUS_CULTURE_YIELD_SAM', 'YieldType', 'YIELD_CULTURE'),
('MONUMENT_BONUS_CULTURE_YIELD_SAM', 'Amount', 1),
('AMPHITHEATER_BONUS_CULTURE_YIELD_SAM', 'YieldType', 'YIELD_CULTURE'),
('AMPHITHEATER_BONUS_CULTURE_YIELD_SAM', 'Amount', 1),
('MUSEUM_BONUS_CULTURE_YIELD_SAM', 'YieldType', 'YIELD_CULTURE'),
('MUSEUM_BONUS_CULTURE_YIELD_SAM', 'Amount', 2),
('BROADCAST_CENTER_BONUS_CULTURE_YIELD_SAM', 'YieldType', 'YIELD_CULTURE'),
('BROADCAST_CENTER_BONUS_CULTURE_YIELD_SAM', 'Amount', 3),
('EXTRA_LIBRARY_BONUS_SCIENCE_YIELD_SAM', 'YieldType', 'YIELD_SCIENCE'),
('EXTRA_LIBRARY_BONUS_SCIENCE_YIELD_SAM', 'Amount', 1),
('EXTRA_UNIVERSITY_BONUS_SCIENCE_YIELD_SAM', 'YieldType', 'YIELD_SCIENCE'),
('EXTRA_UNIVERSITY_BONUS_SCIENCE_YIELD_SAM', 'Amount', 2),
('EXTRA_RESEARCH_LAB_BONUS_SCIENCE_YIELD_SAM', 'YieldType', 'YIELD_SCIENCE'),
('EXTRA_RESEARCH_LAB_BONUS_SCIENCE_YIELD_SAM', 'Amount', 3),
('EXTRA_MONUMENT_BONUS_CULTURE_YIELD_SAM', 'YieldType', 'YIELD_CULTURE'),
('EXTRA_MONUMENT_BONUS_CULTURE_YIELD_SAM', 'Amount', 1),
('EXTRA_AMPHITHEATER_BONUS_CULTURE_YIELD_SAM', 'YieldType', 'YIELD_CULTURE'),
('EXTRA_AMPHITHEATER_BONUS_CULTURE_YIELD_SAM', 'Amount', 1),
('EXTRA_MUSEUM_BONUS_CULTURE_YIELD_SAM', 'YieldType', 'YIELD_CULTURE'),
('EXTRA_MUSEUM_BONUS_CULTURE_YIELD_SAM', 'Amount', 2),
('EXTRA_BROADCAST_CENTER_BONUS_CULTURE_YIELD_SAM', 'YieldType', 'YIELD_CULTURE'),
('EXTRA_BROADCAST_CENTER_BONUS_CULTURE_YIELD_SAM', 'Amount', 3);

-- Attaching modifiers to buildings
INSERT INTO BuildingModifiers (BuildingType, ModifierId) VALUES 
('BUILDING_LIBRARY', 'LIBRARY_BONUS_SCIENCE_YIELD_SAM'),
('BUILDING_UNIVERSITY', 'UNIVERSITY_BONUS_SCIENCE_YIELD_SAM'),
('BUILDING_RESEARCH_LAB', 'RESEARCH_LAB_BONUS_SCIENCE_YIELD_SAM'),
('BUILDING_MONUMENT', 'MONUMENT_BONUS_CULTURE_YIELD_SAM'),
('BUILDING_AMPHITHEATER', 'AMPHITHEATER_BONUS_CULTURE_YIELD_SAM'),
('BUILDING_MUSEUM_ART', 'MUSEUM_BONUS_CULTURE_YIELD_SAM'),
('BUILDING_MUSEUM_ARTIFACT', 'MUSEUM_BONUS_CULTURE_YIELD_SAM'),
('BUILDING_BROADCAST_CENTER', 'BROADCAST_CENTER_BONUS_CULTURE_YIELD_SAM'),
('BUILDING_LIBRARY', 'EXTRA_LIBRARY_BONUS_SCIENCE_YIELD_SAM'),
('BUILDING_UNIVERSITY', 'EXTRA_UNIVERSITY_BONUS_SCIENCE_YIELD_SAM'),
('BUILDING_RESEARCH_LAB', 'EXTRA_RESEARCH_LAB_BONUS_SCIENCE_YIELD_SAM'),
('BUILDING_MONUMENT', 'EXTRA_MONUMENT_BONUS_CULTURE_YIELD_SAM'),
('BUILDING_AMPHITHEATER', 'EXTRA_AMPHITHEATER_BONUS_CULTURE_YIELD_SAM'),
('BUILDING_MUSEUM_ART', 'EXTRA_MUSEUM_BONUS_CULTURE_YIELD_SAM'),
('BUILDING_MUSEUM_ARTIFACT', 'EXTRA_MUSEUM_BONUS_CULTURE_YIELD_SAM'),
('BUILDING_BROADCAST_CENTER', 'EXTRA_BROADCAST_CENTER_BONUS_CULTURE_YIELD_SAM');