-- Capture zone project
-- TODO: figure out why the victory panel crashed

INSERT INTO Types (Type, Kind) VALUES
('PROJECT_SHOW_SUPERIORITY_SAM', 'KIND_PROJECT'),
('PROJECT_EXERT_INFLUENCE_SAM', 'KIND_PROJECT');

INSERT INTO Projects (ProjectType, Name, ShortName, Description, Cost, CostProgressionModel, PrereqDistrict, MaxPlayerInstances) VALUES
('PROJECT_SHOW_SUPERIORITY_SAM', 'LOC_PROJECT_SHOW_SUPERIORITY_SAM_NAME', 'LOC_PROJECT_SHOW_SUPERIORITY_SAM_SHORT_NAME', 'LOC_PROJECT_SHOW_SUPERIORITY_SAM_DESCRIPTION', 800, 'NO_PROGRESSION_MODEL', 'DISTRICT_GOVERNMENT', 1),
('PROJECT_EXERT_INFLUENCE_SAM', 'LOC_PROJECT_EXERT_INFLUENCE_SAM_NAME', 'LOC_PROJECT_EXERT_INFLUENCE_SAM_SHORT_NAME', 'LOC_PROJECT_EXERT_INFLUENCE_SAM_DESCRIPTION', 1500, 'NO_PROGRESSION_MODEL', 'DISTRICT_GOVERNMENT', 1);

INSERT INTO Project_ResourceCosts (ProjectType, ResourceType, StartProductionCost) VALUES
('PROJECT_SHOW_SUPERIORITY_SAM', 'RESOURCE_VICTORY_POINTS_SAM', 300),
('PROJECT_EXERT_INFLUENCE_SAM', 'RESOURCE_VICTORY_POINTS_SAM', 700);

-- Capture zone victory

INSERT INTO Types (Type, Kind) VALUES
('VICTORY_CAPTURE_SAM', 'KIND_VICTORY');

INSERT INTO Requirements (RequirementId, RequirementType, Likeliness, Impact, Reverse, Persistent, ProgressWeight, Triggered) VALUES
('REQUIRES_HAS_SHOWN_SUPERIORITY_SAM', 'REQUIREMENT_PLAYER_HAS_COMPLETED_PROJECT', 0, 0, 0, 0, 1, 0),
('REQUIRES_HAS_EXERTED_INFLUENCE_SAM', 'REQUIREMENT_PLAYER_HAS_COMPLETED_PROJECT', 0, 0, 0, 0, 1, 0);

INSERT INTO RequirementArguments (RequirementId, Name, Value) VALUES
('REQUIRES_HAS_SHOWN_SUPERIORITY_SAM', 'MinimumCompletions', 1),
('REQUIRES_HAS_SHOWN_SUPERIORITY_SAM', 'ProjectType', 'PROJECT_SHOW_SUPERIORITY_SAM'),
('REQUIRES_HAS_EXERTED_INFLUENCE_SAM', 'MinimumCompletions', 1),
('REQUIRES_HAS_EXERTED_INFLUENCE_SAM', 'ProjectType', 'PROJECT_EXERT_INFLUENCE_SAM');

INSERT INTO RequirementSets (RequirementSetId, RequirementSetType) VALUES
('REQUIREMENTS_CAPTURE_VICTORY_SAM', 'REQUIREMENTSET_TEST_ALL');

INSERT INTO RequirementSetRequirements (RequirementSetId, RequirementId) VALUES
('REQUIREMENTS_CAPTURE_VICTORY_SAM', 'REQUIRES_HAS_SHOWN_SUPERIORITY_SAM'),
('REQUIREMENTS_CAPTURE_VICTORY_SAM', 'REQUIRES_HAS_EXERTED_INFLUENCE_SAM');

INSERT INTO RequirementStrings (RequirementId, Context, Text) VALUES
('REQUIRES_HAS_SHOWN_SUPERIORITY_SAM', 'VictoryProgress', 'LOC_VICTORY_CAPTURE_SAM_REQUIREMENT'),
('REQUIRES_HAS_EXERTED_INFLUENCE_SAM', 'VictoryProgress', 'LOC_VICTORY_CAPTURE_SAM_REQUIREMENT');

-- using diplomatic icon as placeholder
INSERT INTO Victories (VictoryType, Name, Blurb, RequirementSetId, Description, Icon) VALUES
('VICTORY_CAPTURE_SAM', 'LOC_VICTORY_CAPTURE_SAM_NAME', 'LOC_VICTORY_CAPTURE_SAM_TEXT', 'REQUIREMENTS_CAPTURE_VICTORY_SAM', 'LOC_VICTORY_CAPTURE_SAM_DESCRIPTION', 'ICON_VICTORY_SCORE');